{
  "globals": {
    "APIKey": true,
    "APIKeyAuditLog": true,
    "APIKeyType": true,
    "AdminAccess": true,
    "AlertCircle": true,
    "AuthGuard": true,
    "Bell": true,
    "Calendar": true,
    "Check": true,
    "ChevronDown": true,
    "ChevronLeft": true,
    "ChevronRight": true,
    "ChevronUp": true,
    "Clock": true,
    "Component": true,
    "ComponentTokens": true,
    "Database": true,
    "DatabaseTables": true,
    "DesignTokensStructure": true,
    "Download": true,
    "Edit": true,
    "Filter": true,
    "Footer": true,
    "Home": true,
    "Info": true,
    "LayoutDashboard": true,
    "Link": true,
    "LogOut": true,
    "Mail": true,
    "Menu": true,
    "MessageSquare": true,
    "Minus": true,
    "MoreHorizontal": true,
    "MoreVertical": true,
    "NavLink": true,
    "Navigate": true,
    "Outlet": true,
    "Plus": true,
    "ProfileWithRoles": true,
    "Route": true,
    "Routes": true,
    "Save": true,
    "Search": true,
    "Sensor": true,
    "Settings": true,
    "Share": true,
    "Star": true,
    "Theme": true,
    "ThemeContextType": true,
    "ThemeStatus": true,
    "ThemeToken": true,
    "Trash": true,
    "Upload": true,
    "UseUserActivityOptions": true,
    "User": true,
    "UserActivityProfile": true,
    "UserActivityStats": true,
    "UserMenuSheet": true,
    "UserRole": true,
    "UserWithRoles": true,
    "WithAdminAccess": true,
    "X": true,
    "cn": true,
    "createRef": true,
    "forwardRef": true,
    "lazy": true,
    "memo": true,
    "queryClient": true,
    "reducer": true,
    "selectAccentColor": true,
    "selectCurrentTheme": true,
    "selectError": true,
    "selectIsAuthenticated": true,
    "selectIsLoading": true,
    "selectLayout": true,
    "selectPreferences": true,
    "selectStatus": true,
    "selectThemeComponents": true,
    "selectThemeMode": true,
    "selectThemeTokens": true,
    "selectUser": true,
    "selectUserRoles": true,
    "startTransition": true,
    "toast": true,
    "useAdminAccess": true,
    "useAuthStore": true,
    "useCallback": true,
    "useContext": true,
    "useDebugValue": true,
    "useDeferredValue": true,
    "useEffect": true,
    "useHref": true,
    "useId": true,
    "useImperativeHandle": true,
    "useInRouterContext": true,
    "useInfiniteQuery": true,
    "useInsertionEffect": true,
    "useLayoutEffect": true,
    "useLinkClickHandler": true,
    "useLocation": true,
    "useMemo": true,
    "useMutation": true,
    "useNavigate": true,
    "useNavigationType": true,
    "useOutlet": true,
    "useOutletContext": true,
    "useParams": true,
    "useQueries": true,
    "useQuery": true,
    "useQueryClient": true,
    "useReducer": true,
    "useRef": true,
    "useResolvedPath": true,
    "useRoutes": true,
    "useSearchParams": true,
    "useState": true,
    "useSuspenseInfiniteQuery": true,
    "useSuspenseQueries": true,
    "useSuspenseQuery": true,
    "useSyncExternalStore": true,
    "useThemeManager": true,
    "useThemeStore": true,
    "useToast": true,
    "useTokenConverters": true,
    "useTransition": true,
    "useUIStore": true,
    "useUserActivity": true
  }
}
